{"acc": 0.774335427055412, "loss": 0.24340073307344287, "_timestamp": 1694700600.5397763, "_runtime": 5.7719032764434814, "_step": 7, "_wandb": {"runtime": 5}}