{"acc": 0.7663800169147511, "loss": 0.25100133656285023, "_timestamp": 1694693933.6126623, "_runtime": 7.4514853954315186, "_step": 7, "_wandb": {"runtime": 7}}